loosewire	24393	2.805198	91
loosewire	24393	2.805198	91
keyist	1351011	1.7693365	87
keyist	1351011	1.7693365	87
seth_hayward	4811481	0.9190751	69
danrasay	7316232	1.2041898	75
iglazer	7931262	2.3788624	92
iglazer	7931262	2.3788624	92
shoogie	10100682	2.6653366	90
shoogie	10100682	2.6653366	90
abdur	10759032	5.196416	31
abdur	10759032	5.196416	31
gilliss	15194430	0.61591613	84
gilliss	15194430	0.61591613	84
plevy	17177403	3.9867473	92
plevy	17177403	3.9867473	92
mikepeloquin	19539939	0.93719375	64
mikepeloquin	19539939	0.93719375	64
Ceqlyq23	30302052	0.5202747	35
Vertica	35750112	2.0336645	80
sqscitech	54125487	0.23965955	56
visualinfo	55546212	1.419493	83
codemap	55582236	0.74965817	80
Forrest_Evans	56245146	1.0378721	25
benm	760428	1.1351246	80
benm	760428	1.1351246	80
marshallk	818340	5.83409	99
marshallk	818340	5.83409	99
seanboon	1475151	1.0413227	69
seanboon	1475151	1.0413227	69
ashwani	5706432	1.525237	70
ashwani	5706432	1.525237	70
mcristia	8612292	1.9925638	79
mcristia	8612292	1.9925638	79
reddavis	9380652	1.5109764	92
reddavis	9380652	1.5109764	92
inhyung	10156422	2.5159564	97
inhyung	10156422	2.5159564	97
TweetStats	11805432	3.989789	66
TweetStats	11805432	3.989789	66
zooko	14182218	3.01888	98
zooko	14182218	3.01888	98
millionmonkey	14192421	0.9041573	89
millionmonkey	14192421	0.9041573	89
amrita_chanda	14341305	0.77389073	65
datagoodies	14632689	1.3019549	59
datagoodies	14632689	1.3019549	59
SoloGen	15616053	1.3985741	83
SoloGen	15616053	1.3985741	83
SocialAgency	15823875	1.7324293	70
SocialAgency	15823875	1.7324293	70
headup	16849419	1.9903929	78
headup	16849419	1.9903929	78
SPOAL	17377068	0.19503249	81
SPOAL	17377068	0.19503249	81
Gavinomics	21430566	0.46566653	63
shisto	26426331	0.7324624	78
tweepml	51634581	3.4427636	38
neil_conway	54129186	2.066235	96
erikrozendaal	61720617	0.91203165	81
Pruitt_9135	86815950	0.19011514	17
Samuels_Tech	88903803	0.31578153	8
geejay76	95885904	0.22213867	60
mndoci	605643	3.4958534	98
mndoci	605643	3.4958534	98
lewisshepherd	1528701	4.0315013	98
lewisshepherd	1528701	4.0315013	98
seancarmody	1728771	3.123952	95
seancarmody	1728771	3.123952	95
sdeelio	4363311	1.3434099	75
sdeelio	4363311	1.3434099	75
tommyh	5439642	2.7192864	96
tommyh	5439642	2.7192864	96
tomforemski	8132322	4.4320126	94
tomforemski	8132322	4.4320126	94
haridonthi	13790142	0.5032521	49
haridonthi	13790142	0.5032521	49
EveSimon	14106207	2.1355965	90
EveSimon	14106207	2.1355965	90
JeffClark	14207040	3.1969783	96
JeffClark	14207040	3.1969783	96
brettbobley	15449070	2.5883656	95
brettbobley	15449070	2.5883656	95
jmancini77	15655296	3.226715	85
jmancini77	15655296	3.226715	85
mfkilgore	16474728	0.42922705	67
mfkilgore	16474728	0.42922705	67
Yourmung	17500500	0.78780884	50
Yourmung	17500500	0.78780884	50
maxgrinev	18019485	1.9962759	95
maxgrinev	18019485	1.9962759	95
pstobbs	18312009	0.41348526	55
carrbc	18584697	2.6990757	55
carrbc	18584697	2.6990757	55
Zombie_Steve	18700008	1.2169734	53
Zombie_Steve	18700008	1.2169734	53
factualinc	20190957	1.9911953	91
lenelein	22017237	1.1509491	80
lenelein	22017237	1.1509491	80
TheSimplifiers	23249805	1.8137791	69
jenwebs	25392036	0.90414536	61
florentcolombet	29434932	0.1342961	30
Martha_Mac	29513193	0.95737135	54
scruzia	29866992	0.31722626	85
columnfive	34733652	2.5545185	69
finestructure	38502777	1.8758161	80
CanadianPI	44541642	3.3681245	62
pehruca	67398756	0.33930683	61
50kft_K	68057790	0.3606116	54
breyten	12825	1.835459	85
breyten	12825	1.835459	85
dannyrowley	2683161	1.2041112	61
dannyrowley	2683161	1.2041112	61
robpierson	6106752	2.6105356	95
robpierson	6106752	2.6105356	95
convagency	11035542	2.8098197	92
convagency	11035542	2.8098197	92
bmenell	14065548	2.8154838	94
bmenell	14065548	2.8154838	94
Inanna_	15109218	1.0384549	62
Inanna_	15109218	1.0384549	62
chichiri	15478521	2.8084555	94
chichiri	15478521	2.8084555	94
samohtsivraj	18472674	0.8004639	96
samohtsivraj	18472674	0.8004639	96
CBCtechbytes	18968631	2.713508	83
w3steve	20558133	0.36702508	89
w3steve	20558133	0.36702508	89
kunalraheja	21675618	0.72178465	82
dretelny	21689241	0.8294538	75
dretelny	21689241	0.8294538	75
Lebedeff	22056264	0.3411883	67
Lebedeff	22056264	0.3411883	67
followmetohouse	23954421	1.2220483	56
followmetohouse	23954421	1.2220483	56
news_science	28107042	2.4412823	77
MohammedAlaa	28816008	1.1440208	71
teambcomic	30812490	0.9400828	46
allegrototal	30859401	1.4664897	65
myDigitalJob	31533540	0.7489688	39
ntnu_library	36009864	1.0041766	60
hdima	53392185	0.93272245	85
mrnickdsmith	98156223	0.1307952	35
ssethi	31383	3.8200197	96
ssethi	31383	3.8200197	96
chl	801282	1.8012857	94
chl	801282	1.8012857	94
Varna	1501641	1.7577353	71
Varna	1501641	1.7577353	71
jasoncrawford	3140391	2.0912645	87
jasoncrawford	3140391	2.0912645	87
arthegall	6215712	1.4913282	97
arthegall	6215712	1.4913282	97
stedman	11379342	1.6898177	90
loya	11539512	0.55064917	46
loya	11539512	0.55064917	46
trevorhinson	11630142	1.192182	50
edial	13068822	3.7370572	99
edial	13068822	3.7370572	99
JuUm	14138826	0.701686	72
JuUm	14138826	0.701686	72
rasga	14731797	3.1935234	95
rasga	14731797	3.1935234	95
cdonahue	15316788	1.4592414	86
cdonahue	15316788	1.4592414	86
stephenfry	15439395	8.326046	98
stephenfry	15439395	8.326046	98
ehrenfoss	15940539	2.3230455	92
ehrenfoss	15940539	2.3230455	92
atulskulkarni	16032879	1.6352758	91
atulskulkarni	16032879	1.6352758	91
kcorrick	16272222	3.662856	98
kcorrick	16272222	3.662856	98
scifri	16817883	5.153919	71
scifri	16817883	5.153919	71
jdshipengrover	18138972	0.3486919	58
butchi_n	19785303	0.79849565	40
butchi_n	19785303	0.79849565	40
Periscopic	21695487	1.8847573	84
dgleich	24499773	0.47357503	75
BosomOfAbraham	59810703	0.534606	57
mandoescamilla	774234	2.321763	95
mandoescamilla	774234	2.321763	95
interrante	2841111	2.5460443	90
interrante	2841111	2.5460443	90
justgrimes	5038461	2.6313605	96
justgrimes	5038461	2.6313605	96
atul	5879952	4.5028114	99
atul	5879952	4.5028114	99
xplane	8055642	2.5171547	83
xplane	8055642	2.5171547	83
sansotto	8748192	0.8980382	72
sansotto	8748192	0.8980382	72
abutler	9160872	0.85727835	49
abutler	9160872	0.85727835	49
lpirola	9812952	1.3205276	82
lpirola	9812952	1.3205276	82
llimllib	11623272	2.6272526	99
llimllib	11623272	2.6272526	99
xiaoleil	12838512	0.36842304	76
salimv	12990132	0.5959649	90
cklemke	14073873	1.7014272	91
cklemke	14073873	1.7014272	91
jimhirshfield	14098668	2.5370731	90
jimhirshfield	14098668	2.5370731	90
damienstevens	14478573	2.6151571	66
damienstevens	14478573	2.6151571	66
SaintSal	14786943	2.1332939	84
twidox	15310545	1.5505185	63
twidox	15310545	1.5505185	63
deliprao	16984977	1.1974925	95
deliprao	16984977	1.1974925	95
jesspalmer	17089344	2.1815083	91
jesspalmer	17089344	2.1815083	91
etopianewsnow	17542209	1.2658519	62
etopianewsnow	17542209	1.2658519	62
AxelNordblom	26064450	0.6762091	73
samimustaklem	40350816	0.43069607	82
DodoIevenes	56766873	0.9816319	38
Process_Serving	62981241	1.8801237	47
veramaral	74790558	2.2082908	42
misc	78783	3.929395	98
misc	78783	3.929395	98
elze	944841	1.791058	86
elze	944841	1.791058	86
jpaine	9650622	2.5425272	88
jpaine	9650622	2.5425272	88
CarlosAraujo	10681752	1.4840986	68
venkisiyer	13486152	1.2510597	68
venkisiyer	13486152	1.2510597	68
rodneyray	14090238	0.4502837	48
rodneyray	14090238	0.4502837	48
kdykes	14095083	2.235583	85
kdykes	14095083	2.235583	85
Anwaraizer	14152596	2.187001	93
Anwaraizer	14152596	2.187001	93
clausatz	15734574	0.68248993	90
clausatz	15734574	0.68248993	90
_01010101	15761592	1.4948889	79
johnwohn	15801891	1.7278776	88
johnwohn	15801891	1.7278776	88
pedrocampos	16941264	1.634137	70
pedrocampos	16941264	1.634137	70
abaltman	17002482	0.6121921	68
SmartDataCo	17449590	2.7375283	86
SmartDataCo	17449590	2.7375283	86
najeebmirza	18257109	1.1514918	91
najeebmirza	18257109	1.1514918	91
ralph_robinett	18693273	0.34301743	97
ralph_robinett	18693273	0.34301743	97
BillPetti	29278059	1.2490339	90
hubindustries	62516241	1.3299067	75
nikete	10239	2.4438825	90
nikete	10239	2.4438825	90
lgharp	5769462	1.4096799	89
lgharp	5769462	1.4096799	89
timdavies	5878332	3.070908	93
timdavies	5878332	3.070908	93
bengee	9516642	2.1520896	91
bengee	9516642	2.1520896	91
rubylab	14096307	0.40528098	79
rubylab	14096307	0.40528098	79
vineetgupta	14141394	1.4469396	63
vineetgupta	14141394	1.4469396	63
BennettSmith	14236527	1.0004301	62
arunachalamev	15035496	0.8734056	81
arunachalamev	15035496	0.8734056	81
michaelpearsun	15150351	3.2922072	97
michaelpearsun	15150351	3.2922072	97
dami_an	15180105	0.601664	59
dami_an	15180105	0.601664	59
gappy3000	15783108	2.2815485	97
gappy3000	15783108	2.2815485	97
feziegler	18062253	0.52078336	59
DiggingIntoData	20724267	0.99126315	63
DiggingIntoData	20724267	0.99126315	63
seosheffield	32855235	1.7616093	39
prospectid	34271058	0.38000306	42
theycallmeken	37364676	1.0614173	61
emtacl	39956067	1.183328	61
FogbeamLabs	42801849	0.5981762	53
iamdanw	81123	3.743455	99
iamdanw	81123	3.743455	99
deancruse	783876	2.176125	83
deancruse	783876	2.176125	83
feedia	788094	2.4217668	88
feedia	788094	2.4217668	88
eduo	1671651	4.002823	96
eduo	1671651	4.002823	96
rtkrum	4759341	3.3517637	93
rtkrum	4759341	3.3517637	93
argv0	6509982	2.4407558	96
argv0	6509982	2.4407558	96
Jamsaver	6877632	0.28382215	73
WalterNaeslund	10131762	2.4275482	80
WalterNaeslund	10131762	2.4275482	80
agbiotec	10405362	2.094545	94
agbiotec	10405362	2.094545	94
planetrussell	11103612	3.7539086	92
planetrussell	11103612	3.7539086	92
grantmichaels	13255932	3.2349453	99
grantmichaels	13255932	3.2349453	99
abesselink	13851012	1.8528372	76
abesselink	13851012	1.8528372	76
emorisse	14231772	1.5190586	85
emorisse	14231772	1.5190586	85
snowbird122	14649411	1.3013662	70
snowbird122	14649411	1.3013662	70
3v3n	14742549	1.1220281	70
3v3n	14742549	1.1220281	70
alkalineearth	15152835	1.14732	97
alkalineearth	15152835	1.14732	97
srikara	16024422	0.436136	73
srikara	16024422	0.436136	73
olyerickson	17369964	1.7218852	94
olyerickson	17369964	1.7218852	94
decultured	17554473	0.46465862	75
deborahrichard	24240402	0.9384935	49
pjpaulin	28048686	0.8776078	81
neu_zeit	42107565	0.59611124	53
astro1138	61287780	0.76396656	80
fnordquist	98687931	0.16450793	56
phillipadsmith	3219	2.2835524	90
phillipadsmith	3219	2.2835524	90
TradingGoddess	1702731	4.765233	75
TradingGoddess	1702731	4.765233	75
johnmjones	5533302	2.6964068	92
johnmjones	5533302	2.6964068	92
agray	9110052	2.432993	88
agray	9110052	2.432993	88
bohocrush	9558072	2.1335242	82
bohocrush	9558072	2.1335242	82
drosen	9585432	0.63877565	77
drosen	9585432	0.63877565	77
BrianBBrian	12036432	2.3740425	90
BrianBBrian	12036432	2.3740425	90
pc4media	13426662	3.0201426	90
pc4media	13426662	3.0201426	90
itfrombit	14092593	1.496578	96
itfrombit	14092593	1.496578	96
synopsi	14710416	2.7797103	93
synopsi	14710416	2.7797103	93
wormphlegm	14912139	0.6989013	63
wormphlegm	14912139	0.6989013	63
PoemVidz	15807837	2.282316	55
PoemVidz	15807837	2.282316	55
alpinexpress	18185991	1.4477862	57
alpinexpress	18185991	1.4477862	57
AjaxRIAexpo	18903165	0.9098634	47
AjaxRIAexpo	18903165	0.9098634	47
thinktiv	19003029	1.5109286	75
infochemist	19406703	0.67042863	63
infochemist	19406703	0.67042863	63
ebatistacr	22544610	1.4294697	68
ebatistacr	22544610	1.4294697	68
marascio	24183360	1.9361601	82
marascio	24183360	1.9361601	82
nathanstoner	28014900	0.34026265	58
jackie770	36748668	0.37710622	38
samydune	69596571	1.1300541	53
troycmessina	76060599	0.24399365	79
ConradSollitt	81286701	0.124123335	14
realtyresolve	84434640	0.18911651	50
Mymoney2010	93555495	0.180789	34
bigyahu	7512	3.1076188	93
bigyahu	7512	3.1076188	93
Skud	823980	2.8227396	96
Skud	823980	2.8227396	96
dhiraj	1465971	1.8664382	80
dhiraj	1465971	1.8664382	80
danhanks	1770921	1.1453452	72
danhanks	1770921	1.1453452	72
eddie31	4783941	2.0399356	88
eddie31	4783941	2.0399356	88
murari	7266462	1.4200784	73
PragueBob	7799412	4.652793	59
PragueBob	7799412	4.652793	59
GeekStats	14390493	2.3720248	69
spotfact	15619926	0.20154263	39
AustinLinux	15690834	1.852603	71
AustinLinux	15690834	1.852603	71
chintan	16742598	0.75137985	78
chintan	16742598	0.75137985	78
jmcesteves	17722542	2.6980684	93
jmcesteves	17722542	2.6980684	93
milochao	17754120	0.37247944	45
seelee	17913891	1.2755008	89
seelee	17913891	1.2755008	89
rossdmochowski	17971860	0.47293296	90
iskedk	22774680	2.1031919	90
iskedk	22774680	2.1031919	90
oregoniansteve	56748333	0.7736571	82
AllisonLBarker	61021509	0.50055337	74
artwebdubai	75764331	0.33331105	27
EcoNetworkseng	91017417	0.5887634	32
wit	20373	2.0177157	77
wit	20373	2.0177157	77
gammill	3597921	3.0119038	85
gammill	3597921	3.0119038	85
marclehmann	10028832	2.1078515	86
marclehmann	10028832	2.1078515	86
stuhood	12056892	1.9951879	93
stuhood	12056892	1.9951879	93
johnconroy	12270072	2.003993	75
johnconroy	12270072	2.003993	75
thesocialu	12283182	1.494936	73
thesocialu	12283182	1.494936	73
erichter	14096979	1.9224613	83
erichter	14096979	1.9224613	83
UserVoice	14269518	2.7992063	83
missdestructo	15680097	4.6017	92
missdestructo	15680097	4.6017	92
trstme	17479758	0.20019308	87
trstme	17479758	0.20019308	87
carlmalamud	17495946	4.4811435	99
carlmalamud	17495946	4.4811435	99
luisemarie	17992644	1.6329445	80
khybiske	38726565	0.70243216	96
ParAccel	73443213	1.1652384	74
mat	11113	5.0776043	100
mat	11113	5.0776043	100
toddbarnard	13621	2.34367	94
Silona	82363	3.9330924	96
Silona	82363	3.9330924	96
ClareWhite	618733	2.6388197	92
ClareWhite	618733	2.6388197	92
viswanathgondi	1268761	0.68965334	67
znarknesor	1796581	1.1208067	43
semanticvoid	2298181	2.079389	94
semanticvoid	2298181	2.079389	94
kongkongleo	3453571	0.7474438	78
iamsidd	5372362	0.85916245	76
iamsidd	5372362	0.85916245	76
mstephan	6246742	1.6883914	90
mstephan	6246742	1.6883914	90
jny2	7120552	3.6943524	99
jny2	7120552	3.6943524	99
williamhein	10123312	2.014791	83
williamhein	10123312	2.014791	83
shyamkapur	11584222	2.007332	59
LukeInTH	11998042	2.5533872	93
Tecnoetica	12179872	1.9074016	75
Tecnoetica	12179872	1.9074016	75
Adjix	14106529	2.2940729	73
Adjix	14106529	2.2940729	73
emileifrem	14684110	3.2345948	98
emileifrem	14684110	3.2345948	98
ssmirnov	14957881	3.6052103	94
ssmirnov	14957881	3.6052103	94
doncarlo	15094396	1.2477562	92
doncarlo	15094396	1.2477562	92
konradfoerstner	15150655	1.1843626	90
konradfoerstner	15150655	1.1843626	90
tlipcon	16820641	2.702444	97
tlipcon	16820641	2.702444	97
bgalvin137	17662075	2.4493597	76
bgalvin137	17662075	2.4493597	76
thechappells	17828629	0.37421808	90
thechappells	17828629	0.37421808	90
POWWPDX	19546495	1.5714014	40
POWWPDX	19546495	1.5714014	40
nightmanager	19993147	1.0884105	45
nightmanager	19993147	1.0884105	45
earthrat	20327794	1.0488033	52
banker_2001	62876698	0.62941253	49
cranksetgroup	68613634	0.9259833	45
vogelart	92101510	0.75469	32
ChrisKaneFans	92667463	1.0236007	24
mza	617133	2.9570935	95
mza	617133	2.9570935	95
aufrank	760773	1.360539	95
aufrank	760773	1.360539	95
mikeolson	803694	2.8304574	96
mikeolson	803694	2.8304574	96
ThomTheriault	1935201	1.5697924	92
ThomTheriault	1935201	1.5697924	92
socialspace	6589422	3.4582248	96
socialspace	6589422	3.4582248	96
zemariamm	6591702	2.9253247	75
zemariamm	6591702	2.9253247	75
francoisL	8028102	2.1669817	73
francoisL	8028102	2.1669817	73
JimMacMillan	9295212	5.1577864	63
JimMacMillan	9295212	5.1577864	63
brampitoyo	9507822	4.18445	97
brampitoyo	9507822	4.18445	97
h4ck3rm1k3	12084222	2.0118303	84
h4ck3rm1k3	12084222	2.0118303	84
adrianaalves	12499182	1.6704347	96
adrianaalves	12499182	1.6704347	96
Piratenpartei	14341194	5.079728	85
Piratenpartei	14341194	5.079728	85
sjcockell	15084702	1.5519909	85
sjcockell	15084702	1.5519909	85
BasilLeaf	15114855	2.7850738	91
BasilLeaf	15114855	2.7850738	91
bruno_guilbot	19258584	0.43399996	39
bruno_guilbot	19258584	0.43399996	39
eightlines	19375605	1.6740098	87
eightlines	19375605	1.6740098	87
derrinyet	26382729	0.9748081	98
DudleyPippins	64357212	0.6541284	32
bernardjim	86403786	0.5845986	65
Sabelinaa	89232696	0.27394462	10
jovemrevoltado	93005241	0.31943634	26
coolass	4268601	2.3046331	84
coolass	4268601	2.3046331	84
speckyboy	10718322	3.944034	82
speckyboy	10718322	3.944034	82
courtenaybird	11210802	4.0221105	86
courtenaybird	11210802	4.0221105	86
jranck	14061771	3.8487372	98
jranck	14061771	3.8487372	98
ahduffett	14219091	0.5531838	50
ahduffett	14219091	0.5531838	50
zieglerfe	14258478	1.4339094	94
zieglerfe	14258478	1.4339094	94
JonTheGeek	14629263	1.0610945	92
JonTheGeek	14629263	1.0610945	92
unclecj	15325176	1.6793078	85
unclecj	15325176	1.6793078	85
fleckman	15850830	4.256995	89
fleckman	15850830	4.256995	89
reaktorplayer	16147002	1.7481701	76
joshdsullivan	17412858	0.98595184	77
joshdsullivan	17412858	0.98595184	77
James_Hale	18379293	1.0052774	74
jamieinfinity	19845105	0.4725712	90
jamieinfinity	19845105	0.4725712	90
asterdata	20626974	2.3178666	69
gguild	22052829	1.6572472	74
jeffreyhorner	24009981	1.1741068	88
AnythingResearc	25558215	1.2221936	71
AnythingResearc	25558215	1.2221936	71
siv10	82112817	0.13605893	22
f	5511	4.034819	95
f	5511	4.034819	95
markng	780198	3.7670107	99
markng	780198	3.7670107	99
danielabarbosa	2946711	3.2747066	92
danielabarbosa	2946711	3.2747066	92
twmills	5966172	1.1600027	95
twmills	5966172	1.1600027	95
allenhurff	6480312	2.6399705	89
iamhulot	8629782	0.86766785	66
gregoryfoster	11244372	2.1943	90
gregoryfoster	11244372	2.1943	90
chrisindallas	12144402	2.3136907	93
chrisindallas	12144402	2.3136907	93
kristathomas	12499512	2.8486485	92
kristathomas	12499512	2.8486485	92
olimatis	12842652	0.38485312	65
amywinkelman	13108272	1.642549	83
amywinkelman	13108272	1.642549	83
jalam1001	13801962	1.9655542	87
jalam1001	13801962	1.9655542	87
Schremkopf	14209284	1.0111418	74
dragulesq	14235618	1.3466694	84
dragulesq	14235618	1.3466694	84
borg22	14344830	1.1357391	63
borg22	14344830	1.1357391	63
josephkelly	14400690	0.69791996	77
josephkelly	14400690	0.69791996	77
bhindu20	14786922	0.5344062	75
bhindu20	14786922	0.5344062	75
dennypeh	16788990	0.8589375	36
vincetrevino	17313276	0.32486832	48
Giessing	18295671	0.18426229	39
rmarket	18608658	0.4296568	97
rmarket	18608658	0.4296568	97
chartsandstars	18920391	0.9898901	58
chartsandstars	18920391	0.9898901	58
JohnAppler	20027160	0.8288353	62
DavidBahia	20647833	1.9318368	84
DavidBahia	20647833	1.9318368	84
JanWillemTulp	21084111	1.3048414	81
infoviz	21984483	1.3041959	76
infoviz	21984483	1.3041959	76
analysis_factor	34127592	0.6357111	53
eissonnie	35362611	0.7473711	64
itpolar	35839872	0.9598155	34
ciarasmimi	41700954	0.70636356	48
royalfrasier	44754387	0.96821433	69
InternetMentor	81554157	2.0531418	41
N9NESTEAKLV	90037011	1.5520672	74
viniribeiro13	92675655	0.43681937	20
Jermolene	37113	2.1484694	90
Jermolene	37113	2.1484694	90
krishnan	782502	3.307913	97
krishnan	782502	3.307913	97
gbertb	819039	1.184198	53
gbertb	819039	1.184198	53
AntoineTwitts	5890842	0.5683786	89
FauziRassull	7837962	1.9082987	65
FauziRassull	7837962	1.9082987	65
toddprouty	8546472	2.0073493	97
toddprouty	8546472	2.0073493	97
zerojinx	8842302	1.5528109	90
zerojinx	8842302	1.5528109	90
nealrichter	14278962	2.4595947	96
nealrichter	14278962	2.4595947	96
akshar	14591949	0.8038059	61
akshar	14591949	0.8038059	61
Grynn	14725500	0.6502277	61
phuggins	14882592	1.6393995	82
phuggins	14882592	1.6393995	82
malouie	15171297	3.4806688	94
malouie	15171297	3.4806688	94
cloudera	16134540	3.6039724	96
cloudera	16134540	3.6039724	96
gysie	16220895	0.96982014	48
portlandten	20408685	1.942265	87
portlandten	20408685	1.942265	87
aresproxy	20476116	0.4165312	90
aresproxy	20476116	0.4165312	90
landerholm	25571574	0.6431691	56
pcsatellitetv	43666794	0.50679517	31
dghirardello	49592343	1.0230609	48
fishbandito	71492712	0.24148907	44
bigdataguy	74269923	0.7136283	73
MJPercival	78623127	1.1886019	49
l0f4r0	83934501	0.27744627	56
brij	1503	2.659531	85
brij	1503	2.659531	85
mnhobbes	1560	0.8412527	81
mnhobbes	1560	0.8412527	81
mpuig	2622591	1.4746901	79
mpuig	2622591	1.4746901	79
Cyanbane	4381041	1.6680689	91
Cyanbane	4381041	1.6680689	91
groovedrm	4414101	0.997349	79
groovedrm	4414101	0.997349	79
Talmadge	7736232	2.4084582	73
Talmadge	7736232	2.4084582	73
edwardharran	9013032	3.6421921	94
edwardharran	9013032	3.6421921	94
random_walker	10834752	2.1349256	93
random_walker	10834752	2.1349256	93
docgotham	11040522	1.9494652	87
docgotham	11040522	1.9494652	87
nstanger	14329707	1.4432509	90
nstanger	14329707	1.4432509	90
nickducoff	14447013	1.6377666	85
nickducoff	14447013	1.6377666	85
austinstartup	14601540	2.2057037	87
austinstartup	14601540	2.2057037	87
levimcconnell	14615277	2.2990088	83
levimcconnell	14615277	2.2990088	83
apsinkus	14921766	2.477347	92
apsinkus	14921766	2.477347	92
amicel	15474951	1.5904279	80
amicel	15474951	1.5904279	80
yehaskel	15575841	1.9802654	90
yehaskel	15575841	1.9802654	90
okfn	16143105	2.4769182	95
okfn	16143105	2.4769182	95
ryanprociuk	17519769	2.0020366	83
ryanprociuk	17519769	2.0020366	83
bdtechdaily	18137307	0.96836	61
bdtechdaily	18137307	0.96836	61
mgifford	18268293	2.9818661	90
mgifford	18268293	2.9818661	90
malousie2	19056717	0.8410649	53
malousie2	19056717	0.8410649	53
keyevent	22173591	1.0600868	61
keyevent	22173591	1.0600868	61
MATCosta	25270230	0.6216983	80
MATCosta	25270230	0.6216983	80
sobotny_vecer	54707367	0.21506207	39
standard_normal	72571680	0.18611912	39
sgamard	75270915	0.5082106	60
bateraRo	89522340	1.1563514	30
nicolesimon	617053	3.6746547	78
Fatcontroller	712813	2.0199203	80
Fatcontroller	712813	2.0199203	80
bryanstrawser	973531	1.5355067	73
bryanstrawser	973531	1.5355067	73
yugui	4579921	3.0785937	87
yugui	4579921	3.0785937	87
tkeanini	5657392	0.9140428	86
tkeanini	5657392	0.9140428	86
mackalicious	6026752	0.31989157	72
delvis	8595742	1.325606	88
delvis	8595742	1.325606	88
akioz	9128122	1.195719	63
esammer	9264352	2.2384887	96
esammer	9264352	2.2384887	96
lkrammes	14078743	1.869664	83
lkrammes	14078743	1.869664	83
MarcoNunezJr	14385232	2.1476405	70
crashposition	14408716	1.8147129	93
crashposition	14408716	1.8147129	93
blackhatzen	14768272	1.1979575	78
blackhatzen	14768272	1.1979575	78
razZ0r	16360966	1.6353536	89
razZ0r	16360966	1.6353536	89
calcedon	16577566	1.4054989	46
calcedon	16577566	1.4054989	46
7RK7	16692991	1.5465056	53
7RK7	16692991	1.5465056	53
DrAnthony	17070787	4.1789	29
DrAnthony	17070787	4.1789	29
ssuri	17131720	1.1681424	80
DirectorJeff	17350258	1.2671491	63
DirectorJeff	17350258	1.2671491	63
timwee	17731759	1.76025	94
timwee	17731759	1.76025	94
darrengeraghty	18511690	2.8324146	96
darrengeraghty	18511690	2.8324146	96
DoloresLabs	18745960	1.4923812	71
DoloresLabs	18745960	1.4923812	71
abhishektiwari	19114465	1.9294928	84
abhishektiwari	19114465	1.9294928	84
GOSSInteractive	23059891	1.2073829	67
petersirota	28299901	0.8351668	88
dompruitt	33991636	1.3542273	68
erik_paulson	95552263	0.32916415	61
sogrady	143883	4.044457	98
sogrady	143883	4.044457	98
elliottcable	771681	3.3452327	96
elliottcable	771681	3.3452327	96
CollinDouma	811182	3.6011145	57
CollinDouma	811182	3.6011145	57
matip	10406562	0.72367996	64
matip	10406562	0.72367996	64
jrecursive	13002342	1.9506098	90
jrecursive	13002342	1.9506098	90
spravin	13854492	0.9373026	76
spravin	13854492	0.9373026	76
marshallclark	14134305	1.7988775	82
marshallclark	14134305	1.7988775	82
ACEdge	14317104	2.2002516	88
ACEdge	14317104	2.2002516	88
dexin	14621598	4.139978	79
dexin	14621598	4.139978	79
LabRoots	14901582	1.8542924	66
LabRoots	14901582	1.8542924	66
miketwardos	14969412	1.1530991	80
miketwardos	14969412	1.1530991	80
infochimp	15748317	0.33437598	89
infochimp	15748317	0.33437598	89
jpzenger	16014279	1.6698613	85
playxx	16150053	0.88130885	43
playxx	16150053	0.88130885	43
cdjeremy	16222728	1.2557343	89
cdjeremy	16222728	1.2557343	89
UstreamTV	16421430	3.6224174	89
sayemislam	16483617	1.8726413	81
sayemislam	16483617	1.8726413	81
simianmenace	16509438	0.7656179	60
simianmenace	16509438	0.7656179	60
EmersonLSilva	17123100	1.2488391	47
cloudforum	18175092	2.5095341	68
cloudforum	18175092	2.5095341	68
technicallyrite	18243663	0.86493665	72
technicallyrite	18243663	0.86493665	72
materialsviews	18305736	1.7281283	71
materialsviews	18305736	1.7281283	71
dantecuci	18608406	0.973922	58
dantecuci	18608406	0.973922	58
Mister_Black	18750051	0.62327445	78
1s_0s	19961700	0.8957685	64
keithsthomas	20792646	1.3680182	88
keithsthomas	20792646	1.3680182	88
tonyfelice	36984066	3.0840406	66
PaVStats	72082215	0.675848	67
jdunck	837641	2.4842453	97
jdunck	837641	2.4842453	97
bering	922001	1.6090529	84
bering	922001	1.6090529	84
geoffreywiseman	1493711	2.3019578	92
geoffreywiseman	1493711	2.3019578	92
benoitoctave	1814051	2.1601915	85
benoitoctave	1814051	2.1601915	85
jonbaer	6982982	0.6730598	74
jonbaer	6982982	0.6730598	74
bcultral	10821362	2.538094	88
bcultral	10821362	2.538094	88
timpritlove	11268812	4.671225	95
timpritlove	11268812	4.671225	95
davidgiesberg	11519042	2.6323433	96
davidgiesberg	11519042	2.6323433	96
DataJunkie	11595422	2.8480744	97
DataJunkie	11595422	2.8480744	97
access_alaska	13733492	1.5712769	67
access_alaska	13733492	1.5712769	67
jeremyalmond	14372633	2.5374537	69
jeremyalmond	14372633	2.5374537	69
thestatbot	14597156	1.4660922	81
thestatbot	14597156	1.4660922	81
demios	14649653	0.33669528	72
demios	14649653	0.33669528	72
howthebodyworks	14997923	1.7912765	88
howthebodyworks	14997923	1.7912765	88
davidseide	15564104	1.4869237	76
davidseide	15564104	1.4869237	76
ideagin	16842386	1.3472445	59
birgerking	17405603	1.6779257	74
birgerking	17405603	1.6779257	74
jcmrgo	20543111	0.8374085	84
jcmrgo	20543111	0.8374085	84
melindahelt	21872807	1.0299977	69
melindahelt	21872807	1.0299977	69
rockcoder	22078919	0.82244945	76
rockcoder	22078919	0.82244945	76
sunuk	25043546	0.86889917	71
garrettp	256043	1.2076914	55
garrettp	256043	1.2076914	55
bwhichard	399113	1.5101287	89
bwhichard	399113	1.5101287	89
SoundSystemSDC	1820921	2.6263323	96
SoundSystemSDC	1820921	2.6263323	96
markchadwick	5832752	1.3589687	93
markchadwick	5832752	1.3589687	93
stamm	6656402	0.53618205	68
tehgeekmeister	6727082	1.7221246	90
tehgeekmeister	6727082	1.7221246	90
sproutly	7843142	1.9864585	88
sproutly	7843142	1.9864585	88
macbikegeek	9138182	1.7549597	87
macbikegeek	9138182	1.7549597	87
pablete	9506402	1.3428135	95
pablete	9506402	1.3428135	95
hugo84	10575722	1.2160695	93
hugo84	10575722	1.2160695	93
spoogle	14277929	1.0111119	71
spoogle	14277929	1.0111119	71
otoburb	14531237	1.3812742	97
otoburb	14531237	1.3812742	97
andrevautour2	16640465	0.9625948	33
ironick	16831415	2.045068	91
ironick	16831415	2.045068	91
heidiotway	16927517	1.9192187	79
heidiotway	16927517	1.9192187	79
cubitplanning	18940985	2.0165076	88
Pyoungpharma	21768071	1.8441768	58
Pyoungpharma	21768071	1.8441768	58
AlonzoQuijote	22375577	0.3849709	61
AlonzoQuijote	22375577	0.3849709	61
goldbean	37218776	1.0777574	54
rdhyee	936881	2.7510738	97
rdhyee	936881	2.7510738	97
Montero	1203641	3.4467645	90
Montero	1203641	3.4467645	90
Pistachio	3533231	5.81668	87
Pistachio	3533231	5.81668	87
jdomangue	7738862	1.7764816	78
jdomangue	7738862	1.7764816	78
tifroz	10804892	1.8021896	86
JeffreyJDavis	13982072	2.924341	80
JeffreyJDavis	13982072	2.924341	80
jmay	13988912	0.849484	66
jmay	13988912	0.849484	66
martinrumo	14290727	0.5680168	77
cagri_balkesen	14784518	0.10527493	22
clynetic	15472736	1.5112848	76
clynetic	15472736	1.5112848	76
lukebacon	15621449	0.70547444	72
lukebacon	15621449	0.70547444	72
FrankAdman	15863699	4.2125587	66
FrankAdman	15863699	4.2125587	66
DJGrothe	16090559	3.6106968	94
DJGrothe	16090559	3.6106968	94
jlkresearch	16710719	0.9407714	66
scorpusmaximus	17002901	2.4849777	92
scorpusmaximus	17002901	2.4849777	92
oktane	17055740	0.40650886	94
bountystorms	17079737	1.3608304	66
bountystorms	17079737	1.3608304	66
armina_79	17387138	1.2488939	89
swhirsch	17595530	0.8974789	59
swhirsch	17595530	0.8974789	59
RedVelvetEvents	17661992	2.3938522	83
RedVelvetEvents	17661992	2.3938522	83
rilescat	18037907	4.1412816	63
rilescat	18037907	4.1412816	63
primus_pilus	22912205	0.6190137	84
primus_pilus	22912205	0.6190137	84
rogernasr	23302199	0.25273675	76
rogernasr	23302199	0.25273675	76
urbanturbanguy	24486317	2.3431373	91
nowmarketing	29889404	1.4585481	37
darthpedar	31573982	0.60144544	29
datamob	38362796	0.9731313	79
DesignTools	72490862	0.35398927	48
iamanfbiagent	91043393	0.2201904	67
Superherorun	92570537	0.3236512	38
dacort	99723	4.7061615	98
dacort	99723	4.7061615	98
m_3	856911	1.3277466	74
m_3	856911	1.3277466	74
freegovinfo	12006852	2.6271508	98
freegovinfo	12006852	2.6271508	98
quaelintest	14173137	0.7315329	38
olivierlefloch	15628404	0.8862871	77
olivierlefloch	15628404	0.8862871	77
vmlemon	16086285	1.8449599	89
vmlemon	16086285	1.8449599	89
elirosenberg	16848375	1.1918579	56
elirosenberg	16848375	1.1918579	56
geistmagazine	16876362	2.7037344	82
geistmagazine	16876362	2.7037344	82
dwlz	17824785	1.8494874	96
EcoLabs	19002348	1.5653769	76
tonsing	24744414	1.3719132	90
tonsing	24744414	1.3719132	90
BugmenotUser	25711020	0.5197177	37
BugmenotUser	25711020	0.5197177	37
beakerfive	59679942	0.4709326	86
rehdias	60484269	1.9982173	41
nakedgremlin	2549	0.24319509	81
nakedgremlin	2549	0.24319509	81
BrianSloane	59663	1.2751116	68
stanza	626243	0.5538973	72
stanza	626243	0.5538973	72
sxsw	784304	5.9504604	90
sxsw	784304	5.9504604	90
samkim	814343	1.5468537	81
samkim	814343	1.5468537	81
sanity	5632382	2.1653795	93
sanity	5632382	2.1653795	93
JonathanBranam	6893792	2.0648234	95
JonathanBranam	6893792	2.0648234	95
Alwyn	7586342	2.0935225	78
Alwyn	7586342	2.0935225	78
yarapavan	7959122	1.8675845	90
yarapavan	7959122	1.8675845	90
tgreen	9143582	0.22971046	75
jmhodges	9267272	3.807132	98
jmhodges	9267272	3.807132	98
direct	9781412	1.426043	89
direct	9781412	1.426043	89
craigmullins	14746910	2.0451112	86
craigmullins	14746910	2.0451112	86
meliortech	15258371	0.61818564	61
meliortech	15258371	0.61818564	61
Migdesigner	16985243	2.3382359	94
Migdesigner	16985243	2.3382359	94
agatheb	17328383	1.1573919	81
agatheb	17328383	1.1573919	81
raymondamosley	20402393	0.2725981	73
6tricky9	21010583	0.43121526	81
6tricky9	21010583	0.43121526	81
AustinBusiness	37045139	2.366052	68
hadleywickham	69133574	1.8978252	94
robertbrook	5567	4.074477	98
robertbrook	5567	4.074477	98
hmason	765548	3.900645	96
hmason	765548	3.900645	96
jessefelder	1473431	3.5146532	72
jessefelder	1473431	3.5146532	72
Ustream	5490392	6.354317	34
atveit	6002822	1.9806427	86
atveit	6002822	1.9806427	86
shaboom	10451672	3.572155	82
shaboom	10451672	3.572155	82
alexismadrigal	11107172	5.2684183	96
alexismadrigal	11107172	5.2684183	96
FearMediocrity	11747852	2.3911138	96
FearMediocrity	11747852	2.3911138	96
nwjerseyliz	14304302	4.7908916	95
nwjerseyliz	14304302	4.7908916	95
robertstapp	14656163	0.76369745	78
robertstapp	14656163	0.76369745	78
ianpcook	15161012	1.325639	82
ianpcook	15161012	1.325639	82
jess3	15947897	4.0752263	96
jess3	15947897	4.0752263	96
techniker	17831291	1.9754443	83
techniker	17831291	1.9754443	83
openchemistry	18431900	1.7305598	58
openchemistry	18431900	1.7305598	58
SemUni	18492092	1.8175309	75
SemUni	18492092	1.8175309	75
rkforeman	19203794	1.1515751	42
rkforeman	19203794	1.1515751	42
webscaleguy	19782515	0.50122017	67
webscaleguy	19782515	0.50122017	67
uiJedi	21891116	0.34064934	70
vandringslust	22677659	0.32629874	64
Business__News	28869968	1.9459964	59
kwoodnh	806126	0.96727014	61
kwoodnh	806126	0.96727014	61
ssn	1527461	1.912025	91
ssn	1527461	1.912025	91
ericlitman	3975041	3.5780404	97
ericlitman	3975041	3.5780404	97
phauly	5428712	1.3072448	77
phauly	5428712	1.3072448	77
danielgm	6532802	2.6685362	91
danielgm	6532802	2.6685362	91
thrashernet	6991652	0.3083762	45
thrashernet	6991652	0.3083762	45
tclancy	7852352	2.5807908	96
tclancy	7852352	2.5807908	96
jcoronella	9612512	2.6795435	98
jcoronella	9612512	2.6795435	98
de_jan	9774392	0.61099994	66
de_jan	9774392	0.61099994	66
jgmize	13564892	0.6179336	55
jgmize	13564892	0.6179336	55
Quesada	14075441	1.1350093	78
Quesada	14075441	1.1350093	78
KentBeatty	14318147	2.583933	68
KentBeatty	14318147	2.583933	68
fbase	14748668	2.524653	91
fbase	14748668	2.524653	91
peterdeitz	15322829	3.2336843	94
peterdeitz	15322829	3.2336843	94
damoncali	15382679	2.326702	77
damoncali	15382679	2.326702	77
skjekkeland	15648584	2.498992	74
skjekkeland	15648584	2.498992	74
jaycbee	16127669	3.8930564	62
jaycbee	16127669	3.8930564	62
David_Skillern	17500742	0.9373037	58
datavis	18695747	3.852798	96
datavis	18695747	3.852798	96
jasonmorton	18828329	1.353287	80
jasonmorton	18828329	1.353287	80
tomwoolway	18903740	2.4571338	98
tomwoolway	18903740	2.4571338	98
bradsasser	29298317	0.2216467	39
eemphase	31413302	0.7062867	80
ppmoone	49004927	0.6801238	57
seanpercival	98477735	2.9049604	74
therealadam	12661	3.5668697	98
therealadam	12661	3.5668697	98
jamiew	774010	3.683763	99
jamiew	774010	3.683763	99
csakon	884761	1.7914971	89
csakon	884761	1.7914971	89
hornOKplease	5402752	2.6827514	94
blumoondew	5990992	1.2994832	47
blumoondew	5990992	1.2994832	47
allfounder	10571512	1.0684721	44
dmgerbino	11039482	2.6549282	92
dmgerbino	11039482	2.6549282	92
MoizSyed	13304662	1.6898218	82
MoizSyed	13304662	1.6898218	82
jonaslamis	14117767	2.521815	93
jonaslamis	14117767	2.521815	93
analogous	14150884	0.9639872	69
analogous	14150884	0.9639872	69
dpbtwo	14182576	1.6669602	56
dpbtwo	14182576	1.6669602	56
trueknowledge	15916003	2.2192154	85
trueknowledge	15916003	2.2192154	85
datamarket	18871681	2.0380492	86
datamarket	18871681	2.0380492	86
chrisjacoby	21048112	0.8844217	76
chrisjacoby	21048112	0.8844217	76
zelandiya	35714839	1.7933617	86
freadthefreak1	64545325	0.82114345	42
FatimaBruce157	84744871	0.33507848	46
zimmermannpato	92318404	0.81029093	20
iand	13127	3.267599	97
iand	13127	3.267599	97
MattDickman	676493	3.5555959	76
MattDickman	676493	3.5555959	76
PaulMiller	780290	3.5360627	95
PaulMiller	780290	3.5360627	95
karllong	1563641	4.7429857	98
karllong	1563641	4.7429857	98
yyamano	4361771	1.309876	84
yyamano	4361771	1.309876	84
orlin	7169192	1.0166892	92
orlin	7169192	1.0166892	92
yrchard	8351942	0.6830275	96
yrchard	8351942	0.6830275	96
gwking	9377942	0.7653546	61
gwking	9377942	0.7653546	61
jessecrouch	9721652	0.89357054	68
ValeskaUX	9736472	2.603061	89
danmartell	10638782	4.713561	96
danmartell	10638782	4.713561	96
DaveMosher	14801264	2.4662066	85
AustinRails	15451919	1.2031124	67
afstanton	16251002	1.4430189	75
afstanton	16251002	1.4430189	75
andrew_wise	19771664	0.71054524	63
andrew_wise	19771664	0.71054524	63
investoralist	21325256	2.7638712	77
investoralist	21325256	2.7638712	77
ThinkPhysics	24825113	1.2259725	70
jasonmorio	44535257	0.39729702	65
tclhack	80579036	0.61766946	30
michaelwilde	705673	2.674128	98
michaelwilde	705673	2.674128	98
srushe	761761	1.2283684	87
srushe	761761	1.2283684	87
bug138	890011	1.1502849	84
bug138	890011	1.1502849	84
arjunram	3094201	3.0859756	98
arjunram	3094201	3.0859756	98
mikewhitehouse1	10263832	1.4806968	50
mikewhitehouse1	10263832	1.4806968	50
1Copenut	10829842	1.279193	67
1Copenut	10829842	1.279193	67
mwexler	14179048	1.6134245	81
mwexler	14179048	1.6134245	81
patoguru	14195350	1.1624653	71
patoguru	14195350	1.1624653	71
jwyg	14389093	2.2444882	91
jwyg	14389093	2.2444882	91
techranch	15600799	2.454749	88
techranch	15600799	2.454749	88
lowne	17678734	0.8726509	61
lowne	17678734	0.8726509	61
beut1	20807749	1.8464999	99
jchronowski47	22158136	2.6911979	80
jchronowski47	22158136	2.6911979	80
uvm_dk	30614029	0.78447914	31
Timmeko	33608239	0.64405346	61
timcraft	74846428	0.4347218	73
tvider	75234199	1.1666687	55
philcampbell	10997	4.4173064	93
philcampbell	10997	4.4173064	93
beatty	1063331	1.3025227	78
beatty	1063331	1.3025227	78
mrinal	10654322	3.2384853	96
mrinal	10654322	3.2384853	96
hugstacie	14505128	1.5598147	64
hugstacie	14505128	1.5598147	64
a_tumasjan	14755871	0.5149157	60
otherinbox	14793035	4.027982	97
otherinbox	14793035	4.027982	97
johncmunoz	16480748	0.8379336	66
Witzman	17131574	1.0893173	84
Witzman	17131574	1.0893173	84
joergheber	17376218	3.0941532	89
joergheber	17376218	3.0941532	89
asmartbear	17838032	3.677612	95
asmartbear	17838032	3.677612	95
theinfo	20069126	0.6232152	42
railsaktiv	20135303	0.4664387	63
elopezdelara	39506639	0.099168435	30
sqcodetech	54799967	0.38652927	74
untreatableonli	78085322	1.0388926	12
Malone_2373	90375491	0.15156499	25
rberger	607093	2.50521	91
rberger	607093	2.50521	91
LucianoFuentes	2728291	0.3246556	43
LucianoFuentes	2728291	0.3246556	43
Alfie	2952871	3.8408008	97
Alfie	2952871	3.8408008	97
robmack	7171042	1.951227	90
robmack	7171042	1.951227	90
JonMarkwell	8949442	1.3524859	99
akeem	12597442	1.5529268	90
akeem	12597442	1.5529268	90
onespot	12730822	1.9844477	76
onespot	12730822	1.9844477	76
jbritten	13803562	1.5896912	82
jbritten	13803562	1.5896912	82
tiffanylin	14090728	1.4577088	79
tiffanylin	14090728	1.4577088	79
juansequeda	14369971	2.8881402	96
juansequeda	14369971	2.8881402	96
MicahElliott	14475079	1.9385974	84
MicahElliott	14475079	1.9385974	84
robdiciuccio	14662495	0.4140081	71
alora	14823121	2.5566623	79
alora	14823121	2.5566623	79
pdrtv	14826085	0.47842667	49
pdrtv	14826085	0.47842667	49
ChristophBauer	15107551	2.3618953	78
ChristophBauer	15107551	2.3618953	78
brendan642	15166546	2.2332575	93
brendan642	15166546	2.2332575	93
johnpayton	15181366	0.9749094	62
johnpayton	15181366	0.9749094	62
andymorgan	16266190	1.1249251	80
andymorgan	16266190	1.1249251	80
SciSolutions	16298452	2.279889	69
SciSolutions	16298452	2.279889	69
JohnDCook	17522755	2.6065097	93
TradingPanda	17893027	1.4174953	72
TradingPanda	17893027	1.4174953	72
FuturEverything	18198946	3.084258	87
EdHunterHK	18285130	1.161753	85
EdHunterHK	18285130	1.161753	85
bryanconnor	18686296	1.5944664	91
bryanconnor	18686296	1.5944664	91
Ulitzer	18791290	1.5055338	73
Ulitzer	18791290	1.5055338	73
erikhatcher	20729632	0.8636956	62
erikhatcher	20729632	0.8636956	62
DonAK	22269430	1.6877943	49
ravkraft	36112222	0.5215447	36
CMastication	43186378	2.818512	95
teckees	75711091	0.7106866	39
Hawkins_542	81611617	0.37425104	38
guideautosurf	93263785	1.2475315	20
jot	506	3.3243575	92
springnet	1418	3.7576847	75
springnet	1418	3.7576847	75
ldodds	14813	2.8862243	97
ldodds	14813	2.8862243	97
Ryanmf	2755601	1.945517	78
Ryanmf	2755601	1.945517	78
weirdnews	6796502	5.675659	80
weirdnews	6796502	5.675659	80
DYNAMICMAO	9598052	0.5173081	50
ASKJDOG	11339402	1.4160943	68
oligoglot	13194182	1.7843933	88
oligoglot	13194182	1.7843933	88
CarriBugbee	13662722	4.252916	95
CarriBugbee	13662722	4.252916	95
johndeo	14122313	1.6349812	84
johndeo	14122313	1.6349812	84
Janitha	14281286	0.6727328	72
DomBoyd	15253706	1.1297953	76
RedWire	15822053	2.4902806	78
RedWire	15822053	2.4902806	78
drewpca	16053131	1.2791901	93
drewpca	16053131	1.2791901	93
pesti_barnabas	16431383	0.87251294	83
pesti_barnabas	16431383	0.87251294	83
karine3D	16872278	1.4623963	45
singhgurjeet	23412857	1.0843985	65
nickkrayy	45921302	0.4681339	57
ViniOrth	92086058	0.2947297	22
emerose	677833	2.275553	99
emerose	677833	2.275553	99
jessykate	5409802	3.254363	97
jessykate	5409802	3.254363	97
brentter	6426682	2.757226	93
brentter	6426682	2.757226	93
marianoviola	7441282	0.98775905	61
marianoviola	7441282	0.98775905	61
azeem	7640782	4.2461834	98
azeem	7640782	4.2461834	98
jsjo	8804722	2.6834006	96
jsjo	8804722	2.6834006	96
JasonAltenburg	9117082	1.4448974	68
JasonAltenburg	9117082	1.4448974	68
James_Rubino	10198372	1.2148862	73
James_Rubino	10198372	1.2148862	73
toddstavish	10201222	0.7956096	79
toddstavish	10201222	0.7956096	79
scouredimage	11776132	0.6178724	69
scouredimage	11776132	0.6178724	69
hjl	11867332	2.1701944	88
hjl	11867332	2.1701944	88
NetAppRad	12045742	0.56737137	40
aakarsh	13147552	0.7405529	64
aakarsh	13147552	0.7405529	64
igorcarron	14286412	1.2402143	89
igorcarron	14286412	1.2402143	89
hashbang	14444587	1.1858741	80
hashbang	14444587	1.1858741	80
ogrisel	16067035	2.0838485	92
ogrisel	16067035	2.0838485	92
psqd	16547944	0.49922848	87
psqd	16547944	0.49922848	87
deinspanjer	16584652	1.3735368	95
deinspanjer	16584652	1.3735368	95
moradadjaoud	16717918	1.4853987	68
von_dartleroy	17784445	0.62861216	90
von_dartleroy	17784445	0.62861216	90
Rosehuni	18699751	0.38592103	52
Rosehuni	18699751	0.38592103	52
megangarber	18751963	3.3918428	98
megangarber	18751963	3.3918428	98
MrDys	18908200	1.1163402	87
MrDys	18908200	1.1163402	87
davidsoloff	20750611	1.1156774	95
davidsoloff	20750611	1.1156774	95
AlexSuse	23104198	0.7184272	86
louiee1	30104425	0.77997226	42
infojocks	32777326	2.1682074	95
JimiRaffety	35995774	0.75696915	47
yuploader	46278859	0.45823896	95
StarrNine	65420485	0.80180573	27
TrubyAchieve	89614876	0.5004554	22
thisKat	5704832	3.2269936	92
thisKat	5704832	3.2269936	92
ctreada	6354062	2.2635598	88
ctreada	6354062	2.2635598	88
TroyWilliams	7060292	1.2922738	65
TroyWilliams	7060292	1.2922738	65
libbymiller	7169162	2.874113	97
libbymiller	7169162	2.874113	97
atlamp	8823302	1.3705208	92
atlamp	8823302	1.3705208	92
krotscheck	9002852	2.2683103	94
krotscheck	9002852	2.2683103	94
MacDivaONA	9464552	4.135998	97
MacDivaONA	9464552	4.135998	97
joosthegle	9994082	1.164629	63
joosthegle	9994082	1.164629	63
annalena	10003202	2.4914196	91
annalena	10003202	2.4914196	91
saidmmm2002	12569912	0.84594595	48
saidmmm2002	12569912	0.84594595	48
bdeter	14241551	1.5022972	91
bdeter	14241551	1.5022972	91
Kmccarth	14353271	0.6846235	70
shenxy	14381543	0.3257001	64
countnazgul	14472230	0.87144387	59
vcolaci	14667569	0.53757846	51
vcolaci	14667569	0.53757846	51
muckapedia	14773646	0.818552	74
muckapedia	14773646	0.818552	74
avivao	15511055	3.6991706	93
WiredBarn	17054786	0.86658484	64
DomineConcept	18339281	2.0487328	73
akselsays	18777326	0.74583936	86
akselsays	18777326	0.74583936	86
xiaoruoruo	20210135	0.13176693	40
drechsler	22246745	0.34113398	50
snowcrashmike	23119358	1.4768982	93
snowcrashmike	23119358	1.4768982	93
mitob	25383968	0.5186706	71
Deragons	26181341	0.29156896	76
chartsbin	62152559	1.0786817	84
Chiliconkc	63045635	0.29111585	70
weldersoares	68564546	0.62158096	33
the_seagull	613153	1.9206862	57
the_seagull	613153	1.9206862	57
cloudforest	5160271	1.72839	85
cloudforest	5160271	1.72839	85
rosshill	7092172	3.9585464	95
rosshill	7092172	3.9585464	95
kgrandis	8375812	1.1857746	75
kgrandis	8375812	1.1857746	75
krees	8564482	2.522675	98
krees	8564482	2.522675	98
Jurate	10059592	1.6059788	79
Jurate	10059592	1.6059788	79
DruidSmith	11604292	2.9098125	93
DruidSmith	11604292	2.9098125	93
kmcurry	11999302	3.080244	98
kmcurry	11999302	3.080244	98
phunt	12370372	2.0748777	91
phunt	12370372	2.0748777	91
maatmann	13264702	1.9745014	74
tweetipFH	14006272	2.4398804	99
tweetipFH	14006272	2.4398804	99
aug	14093710	1.2929395	80
aug	14093710	1.2929395	80
mccurtin	14243905	2.2305338	80
mahirmyavuz	14305066	2.0302863	93
mahirmyavuz	14305066	2.0302863	93
joeyyax	14346562	1.706032	84
joeyyax	14346562	1.706032	84
eugmandel	14456914	1.896151	96
eugmandel	14456914	1.896151	96
krishnas	16116811	1.5580082	90
krishnas	16116811	1.5580082	90
pradeep24	17697991	2.315215	96
pradeep24	17697991	2.315215	96
WeFridge	18747019	1.3819433	83
jdbasketball	20782318	2.8348775	59
jdbasketball	20782318	2.8348775	59
saralovesdagny	45423304	0.2924513	81
livegreenordie	47496394	1.2924442	59
Hubbard_268	83940313	0.5259854	60
statsnerd	93220312	0.6547197	66
antm	25673	1.8017472	86
antm	25673	1.8017472	86
mindblink	917381	1.4106668	69
mindblink	917381	1.4106668	69
band	1169321	2.5097146	98
band	1169321	2.5097146	98
gridinoc	5017391	2.7892103	95
gridinoc	5017391	2.7892103	95
dmill	6260162	0.79074377	61
dmill	6260162	0.79074377	61
lfeeney	7994102	1.6100533	91
lfeeney	7994102	1.6100533	91
RebeccaWoodcock	12016022	2.6568913	97
RebeccaWoodcock	12016022	2.6568913	97
dotcomcowgirl	13853702	1.7823839	69
dotcomcowgirl	13853702	1.7823839	69
pxlpshr	14261936	2.1643217	87
edsu	14331818	3.0335398	98
edsu	14331818	3.0335398	98
inspired12	14343560	2.2185376	92
inspired12	14343560	2.2185376	92
datamapper	14695193	1.7981381	81
datamapper	14695193	1.7981381	81
edwebb	15810854	2.600365	91
edwebb	15810854	2.600365	91
ruthseeley	16697717	3.13722	95
ruthseeley	16697717	3.13722	95
jcwinnie	17755124	0.9623741	64
jcwinnie	17755124	0.9623741	64
hamiltonulmer	19042640	2.5064352	98
hamiltonulmer	19042640	2.5064352	98
j0ray	20939999	0.24541588	41
vocamp	21993587	1.1906953	62
vocamp	21993587	1.1906953	62
jharveynz	24154058	1.2901222	54
cognizr	24668084	0.5854278	77
TVmyway	30404507	1.3970941	31
H_abdel712	32152982	0.8664815	39
actualized	54402590	0.8736107	39
ianpilon	67890728	0.32305425	43
ottomaddock	93124913	0.6520072	78
mcmurrak	662683	2.8097355	95
mcmurrak	662683	2.8097355	95
pavelneuman	9830962	2.154201	86
pavelneuman	9830962	2.154201	86
colorfuldata	10699072	1.3814507	69
ChrisAldrich	13645402	1.7499378	84
ChrisAldrich	13645402	1.7499378	84
akumar	14135545	3.6661859	97
akumar	14135545	3.6661859	97
a_maus	14216485	0.8887807	76
a_maus	14216485	0.8887807	76
EricCurtis	14547085	1.4018666	81
EricCurtis	14547085	1.4018666	81
bmaso	14841547	1.4804666	83
bmaso	14841547	1.4804666	83
charbooth	15273607	1.6626914	84
charbooth	15273607	1.6626914	84
rumormill	15857116	1.1457994	68
rumormill	15857116	1.1457994	68
CarrieLewis	16622740	1.2651207	59
CarrieLewis	16622740	1.2651207	59
seanflannagan	16841164	2.092043	89
seanflannagan	16841164	2.092043	89
dataspora	18367054	3.4195821	95
dataspora	18367054	3.4195821	95
austininvestor	18979291	1.3867855	46
austininvestor	18979291	1.3867855	46
Subburama	19463791	0.8539958	59
colinosburn	19600705	2.2577243	63
colinosburn	19600705	2.2577243	63
ChangetheWorldU	21594052	2.038651	62
ChangetheWorldU	21594052	2.038651	62
TacomaAtheist	22993801	1.7777412	80
TacomaAtheist	22993801	1.7777412	80
benjamincmeyer	25333708	1.3855517	64
timeplots	25567693	1.6973021	84
kinggary	29354944	3.8793821	80
estenslandsmith	33663061	1.421478	91
AARONTPERKINS	45319390	0.83242273	38
TedDavidHarris	49521487	0.4195461	48
PhilHarnish	1562531	2.195435	93
PhilHarnish	1562531	2.195435	93
gravitymonkey	2000291	1.2541289	96
gravitymonkey	2000291	1.2541289	96
NeliMaria	2198081	1.9806979	83
NeliMaria	2198081	1.9806979	83
sloshedjosh	5416472	1.3257521	57
sloshedjosh	5416472	1.3257521	57
rodrigolj	6005852	1.7327608	91
rodrigolj	6005852	1.7327608	91
papyromancer	7483862	1.9700012	96
papyromancer	7483862	1.9700012	96
jamesurquhart	7618952	3.8176455	96
jamesurquhart	7618952	3.8176455	96
plebeosaur	11380382	0.63754207	94
DGM885	14196638	1.7302523	76
DGM885	14196638	1.7302523	76
jgaone	14280941	1.0323858	61
jgaone	14280941	1.0323858	61
jcukier	14624309	1.3576915	88
tableau	14792516	2.728395	83
tableau	14792516	2.728395	83
swimwims	15441746	1.2509787	74
swimwims	15441746	1.2509787	74
jabide	16957490	1.0860492	89
jabide	16957490	1.0860492	89
NinaLysbakken	17924723	1.1714504	83
NinaLysbakken	17924723	1.1714504	83
TalLevAmi	18043967	1.240204	55
TalLevAmi	18043967	1.240204	55
KarenSmither1	18745523	1.4987669	69
SporeGame	19617737	1.8759489	74
SporeGame	19617737	1.8759489	74
e_s_	20764577	1.46524	91
acmepost	21353615	0.7966596	50
kwhopkins03	23812880	0.3698596	74
kwhopkins03	23812880	0.3698596	74
HKotadia	25020767	2.65794	60
cloudbook	26185961	3.40125	83
uelipeter	34260923	0.19378164	56
sl1d3	42780998	0.90274847	44
AENetwork	47105759	1.3736774	63
misskitteh9	64422872	2.1807687	75
lrivers	639203	1.993088	89
lrivers	639203	1.993088	89
znmeb	741803	3.7833068	88
znmeb	741803	3.7833068	88
atxryan	799316	2.34528	90
atxryan	799316	2.34528	90
pfcdgayo	2025101	1.1872448	84
pfcdgayo	2025101	1.1872448	84
JoeFernandez	3145151	3.0929554	89
JoeFernandez	3145151	3.0929554	89
jandersen	6154922	2.559368	94
jandersen	6154922	2.559368	94
skeptomai	7038422	1.7976178	89
skeptomai	7038422	1.7976178	89
andyhickl	9684932	1.8046474	89
andyhickl	9684932	1.8046474	89
cassiomelo	12915122	0.87582606	56
raymondmendoza	12997772	1.534488	75
raymondmendoza	12997772	1.534488	75
JasonStoddard	14851469	3.187335	87
JasonStoddard	14851469	3.187335	87
jivebot	14936627	1.4345548	98
jivebot	14936627	1.4345548	98
cloudave	16680941	2.2573633	67
ReadyWater	17088833	1.6018693	91
ReadyWater	17088833	1.6018693	91
Ped0Bear	18173714	0.5662813	46
slawande	19474739	0.9462912	66
slawande	19474739	0.9462912	66
janwaechter	26993096	1.0141486	87
ydrubi	27987632	0.631268	42
RCAirfields	61400861	0.35747683	50
DataMiningTools	62571128	0.6778096	40
Harbles	67444229	1.9258816	92
mathturbator	97496852	0.21101576	59
nertzy	74863	1.8271514	83
nertzy	74863	1.8271514	83
chr4004	611233	0.56860137	87
chr4004	611233	0.56860137	87
stephane	881071	3.0209064	78
stephane	881071	3.0209064	78
Tori	935221	1.8079638	89
Tori	935221	1.8079638	89
johnchavens	3427261	2.7250078	90
johnchavens	3427261	2.7250078	90
kevinweil	3452911	4.887337	99
kevinweil	3452911	4.887337	99
bmabey	5417872	1.9847164	89
bmabey	5417872	1.9847164	89
nozzlsteve	5507362	2.587472	87
gromgull	6637672	1.3772697	83
gromgull	6637672	1.3772697	83
jajacobs	12033292	0.95440793	86
jajacobs	12033292	0.95440793	86
meliseev	16391797	0.8199568	74
meliseev	16391797	0.8199568	74
AdamHelsinger	18703147	1.0755951	69
AdamHelsinger	18703147	1.0755951	69
Tweet2Market	24691396	1.6313442	71
Tweet2Market	24691396	1.6313442	71
nbrgraphs	25151614	1.1364322	81
pilotsystems	39218245	1.1717976	65
tiagoNine	74350252	0.5573028	27
loic	740983	6.497654	99
loic	740983	6.497654	99
mja	777121	2.5242548	99
mja	777121	2.5242548	99
mrflip	1554031	2.9222822	95
mrflip	1554031	2.9222822	95
mstoll	2204971	1.893332	88
mstoll	2204971	1.893332	88
hayesdavis	5777902	2.7548938	97
hayesdavis	5777902	2.7548938	97
bsloane	7096312	0.30162585	83
encryptio	7620712	0.501807	82
encryptio	7620712	0.501807	82
willscullypower	10172032	1.9650965	82
willscullypower	10172032	1.9650965	82
pogil	10717522	2.1426246	99
pogil	10717522	2.1426246	99
PLoS	12819112	3.0914268	84
PLoS	12819112	3.0914268	84
conjunctured	14370253	3.0707936	95
conjunctured	14370253	3.0707936	95
ChrisDiehl	14595061	2.6594748	97
ChrisDiehl	14595061	2.6594748	97
conikeec	14796100	1.9633598	92
conikeec	14796100	1.9633598	92
erinjo	14961286	1.1485974	71
erinjo	14961286	1.1485974	71
habcous	15356581	1.1660681	98
habcous	15356581	1.1660681	98
zenhysteria	15881494	0.82576716	62
screeny	16302724	1.5236694	92
screeny	16302724	1.5236694	92
ucdatalab	16893700	1.4481637	77
ucdatalab	16893700	1.4481637	77
sunito	17384413	0.5862863	44
sunito	17384413	0.5862863	44
Lakill	17535520	1.7484605	67
Lakill	17535520	1.7484605	67
tnhh	17899123	0.5663594	92
tnhh	17899123	0.5663594	92
Rolfio	21291592	0.46359354	63
imwinkelried	21350188	1.0433931	58
imwinkelried	21350188	1.0433931	58
masahiko_t	41354053	0.33878803	50
techers	64032814	1.118319	63
PerfectMarket	65415178	1.7422864	71
NZRAW	84938761	0.2697667	56
mubix	797840	3.8838236	97
mubix	797840	3.8838236	97
tlucich	10091462	1.1677331	77
tlucich	10091462	1.1677331	77
pauldix	13826102	2.7201447	94
pauldix	13826102	2.7201447	94
fundou	14049485	0.5088523	80
fundou	14049485	0.5088523	80
matt_stiles	14790314	3.0247571	94
matt_stiles	14790314	3.0247571	94
mwotton	14943074	1.5793128	96
mwotton	14943074	1.5793128	96
cherisa	14954189	1.608937	87
cherisa	14954189	1.608937	87
saranyan	15439487	1.1070995	78
cyc_ai	16179917	2.3293097	89
cyc_ai	16179917	2.3293097	89
Anngelica	16636601	2.215973	70
alanestes	16879136	0.22027045	39
alanestes	16879136	0.22027045	39
4cloudcomputing	26074832	1.3487722	56
mat_kelcey	26970530	1.3900704	93
juliamak	34687247	1.491257	66
MarieLasVegas	53606516	2.9191434	24
socialsmack	65061635	1.8810265	73
JordanSosa605	82865129	0.37626815	56
cote	53953	4.333736	98
cote	53953	4.333736	98
taniki	1740241	1.5252043	85
taniki	1740241	1.5252043	85
attilacsordas	2443051	3.2510204	98
attilacsordas	2443051	3.2510204	98
mindcrime	7934602	1.3075097	76
mindcrime	7934602	1.3075097	76
Foudal	8920132	1.1806353	47
PurplePilot	9260992	1.2960706	54
PurplePilot	9260992	1.2960706	54
sugar2k	11057632	1.121852	43
jaybol	12483772	3.7184167	92
jaybol	12483772	3.7184167	92
johnbowman	12958582	2.580707	95
johnbowman	12958582	2.580707	95
jandot	14000542	1.8516241	90
jandot	14000542	1.8516241	90
hgetson	14136886	3.0133886	59
hgetson	14136886	3.0133886	59
mjmoody383	14636149	0.29403758	43
floozyspeak	14784349	2.7242546	95
floozyspeak	14784349	2.7242546	95
communicating	15026770	3.121991	98
communicating	15026770	3.121991	98
mmparker	15449539	0.73155177	93
mmparker	15449539	0.73155177	93
ackernaut	15808468	1.9648193	95
ackernaut	15808468	1.9648193	95
datalicious	16060978	1.774215	65
konstantinhaase	16997374	1.2737728	85
MToney	17067712	2.7091358	89
MToney	17067712	2.7091358	89
amyjdean	17813614	2.524409	82
amyjdean	17813614	2.524409	82
_hgavin	21075724	0.504763	87
_hgavin	21075724	0.504763	87
klinn5	22062166	0.37132037	71
klinn5	22062166	0.37132037	71
flinklabs	23353729	2.109606	94
g10_be	28316320	0.27089077	53
Legistalker	34335862	1.6400584	68
sethtestdev	37501699	0.063895985	11
telligent	822772	2.2191625	88
telligent	822772	2.2191625	88
latisha	1496911	1.8347862	86
latisha	1496911	1.8347862	86
alexdong	2170081	2.1282663	89
alexdong	2170081	2.1282663	89
maczter	3513571	3.8483033	96
maczter	3513571	3.8483033	96
fazmushka	3975271	0.40360457	95
fazmushka	3975271	0.40360457	95
iamwilhelm	9162442	1.2256889	90
iamwilhelm	9162442	1.2256889	90
blackmylar	13263022	0.6462065	76
blackmylar	13263022	0.6462065	76
spoon16	14134210	2.096882	90
spoon16	14134210	2.096882	90
debsbalme	14706547	1.4537437	91
debsbalme	14706547	1.4537437	91
PhilipHotchkiss	14744566	3.4087634	91
PhilipHotchkiss	14744566	3.4087634	91
PanoramaSW	15393226	2.1695023	71
PanoramaSW	15393226	2.1695023	71
ms_c	16684105	0.78197914	95
ms_c	16684105	0.78197914	95
secviz	16990708	1.4313922	77
secviz	16990708	1.4313922	77
ShopSaveShare	18104830	1.9499344	51
ShopSaveShare	18104830	1.9499344	51
WillyJames	19048180	0.38757128	40
WillyJames	19048180	0.38757128	40
betaspring	22799464	2.1645293	86
ws4ws	69925183	0.4567787	57
joshuabaer	934681	4.238004	98
joshuabaer	934681	4.238004	98
d_starr	1264711	0.7398212	82
d_starr	1264711	0.7398212	82
pkedrosky	1717291	5.7987304	91
pkedrosky	1717291	5.7987304	91
jbo	6014122	3.7062323	88
jbo	6014122	3.7062323	88
krs	7561672	1.8835423	70
krs	7561672	1.8835423	70
grjenkin	8062702	1.4559855	48
grjenkin	8062702	1.4559855	48
nawroth	8653792	1.2244195	90
nawroth	8653792	1.2244195	90
thejakestershow	9846232	2.8006544	67
thejakestershow	9846232	2.8006544	67
mikeashley	9847942	0.74640226	94
mikeashley	9847942	0.74640226	94
JimDoran	10167712	1.9597929	90
JimDoran	10167712	1.9597929	90
subblue	12976102	2.091973	92
subblue	12976102	2.091973	92
caseorganic	13860742	4.5520153	97
caseorganic	13860742	4.5520153	97
lok123	14273479	0.81430936	33
captiveorbit	16795558	0.86259985	63
captiveorbit	16795558	0.86259985	63
pplante	17663383	1.4577905	94
pplante	17663383	1.4577905	94
grahamjohnson	18927985	0.59342784	53
grahamjohnson	18927985	0.59342784	53
mrstevedavies	19156555	2.0278778	80
mrstevedavies	19156555	2.0278778	80
mateuslana	19353490	1.4039087	76
mateuslana	19353490	1.4039087	76
TechBASV	22364116	1.0030679	65
TechBASV	22364116	1.0030679	65
yy26	23908759	1.223349	60
namsoila	41987050	1.1768532	83
stefan_1089	80901292	0.28402388	44
eriiicgf	92282653	0.76486605	26
topfunky	10718	4.0507298	93
topfunky	10718	4.0507298	93
codypo	13568	2.017069	92
codypo	13568	2.017069	92
edwardbetts	774575	1.4462492	83
edwardbetts	774575	1.4462492	83
danbri	1246421	3.6751618	97
danbri	1246421	3.6751618	97
siculars	6132062	1.2373749	93
siculars	6132062	1.2373749	93
benhedrington	6315032	3.1210213	93
benhedrington	6315032	3.1210213	93
johan__	8023892	2.2158172	83
johan__	8023892	2.2158172	83
s_kilo	9239132	0.57320035	63
daehee	9402152	1.6580409	82
daehee	9402152	1.6580409	82
deeeep	14659604	1.4131505	76
deeeep	14659604	1.4131505	76
shashivelur	14825303	1.5268834	76
jamidwyer	15408869	1.2168899	61
jamidwyer	15408869	1.2168899	61
christhomasuk	15994772	1.1040944	76
christhomasuk	15994772	1.1040944	76
sportgeek	20707190	0.7260259	59
sportgeek	20707190	0.7260259	59
restorehair	24682598	2.9874682	30
restorehair	24682598	2.9874682	30
thehannabarbera	39401195	1.7284921	9
squareboxshape	47416820	0.274284	67
sellurcellular	82005332	0.7660729	39
Mir253	84085376	0.39463788	22
Scobleizer	13348	7.1683702	99
Scobleizer	13348	7.1683702	99
stef	853471	3.821498	96
stef	853471	3.821498	96
antoniograeff	1532341	1.4244479	73
antoniograeff	1532341	1.4244479	73
zutaka	5946022	1.7735636	89
zutaka	5946022	1.7735636	89
orensol	8324062	1.2937121	88
orensol	8324062	1.2937121	88
RocklandUSA	12035332	3.068113	19
GsMaverick	14184802	2.0626407	85
GsMaverick	14184802	2.0626407	85
DRMacIver	14368342	2.732839	98
DRMacIver	14368342	2.732839	98
torresmofresco	15703396	1.7438607	58
torresmofresco	15703396	1.7438607	58
atxbrowncoats	16152214	1.7706815	76
atxbrowncoats	16152214	1.7706815	76
ChrisNF	17519986	1.526557	91
ChrisNF	17519986	1.526557	91
DesignPepper	18280708	4.0893464	69
DesignPepper	18280708	4.0893464	69
thebeaconsxsw	19942942	1.4725544	83
QuaSSI	24187903	0.6876699	77
caulos	42677791	0.6036133	87
softwaremarkets	49961422	0.9748812	34
IanThomas_MRM	80575951	0.38605547	47
cyrvin	87423646	0.17433448	56
pdsphil	641213	1.8695874	97
pdsphil	641213	1.8695874	97
tkb	793517	1.5055479	88
tkb	793517	1.5055479	88
Skolor	3571811	0.9297921	69
Skolor	3571811	0.9297921	69
grigs	5774462	3.572648	97
grigs	5774462	3.572648	97
petef	5861102	2.0710173	92
petef	5861102	2.0710173	92
gwtw	7524932	0.99429446	42
gwtw	7524932	0.99429446	42
Alex_Manchester	9621962	2.5277972	92
Alex_Manchester	9621962	2.5277972	92
mattsingley	11911082	4.9111795	77
mattsingley	11911082	4.9111795	77
brenes	13692902	1.3549199	95
brenes	13692902	1.3549199	95
plings	14149814	1.851001	87
plings	14149814	1.851001	87
peteskomoroch	14344469	3.3156562	97
peteskomoroch	14344469	3.3156562	97
justinkistner	14471522	3.7218204	80
justinkistner	14471522	3.7218204	80
austinmills	16144757	0.67015505	90
austinmills	16144757	0.67015505	90
SanfordLewis	16973594	1.4419607	74
HeatherLaGarde	17473883	3.0983682	93
HeatherLaGarde	17473883	3.0983682	93
dnaber	17628581	0.47693986	78
dnaber	17628581	0.47693986	78
AmberLyssaMarie	17813717	1.3505232	75
AmberLyssaMarie	17813717	1.3505232	75
SmashedChimp	18928181	2.0402806	57
SmashedChimp	18928181	2.0402806	57
pkarkiainen	52676114	0.4498406	38
LarueCote96	80175764	0.5272542	60
lisa1239	82113194	1.6037047	23
mmanti	86139446	1.0858984	79
nitin	988	3.2692342	91
nitin	988	3.2692342	91
marc1919	620863	3.680882	91
marc1919	620863	3.680882	91
igorlev	9571972	0.4527316	71
igorlev	9571972	0.4527316	71
geofree	10260532	1.8576148	83
geofree	10260532	1.8576148	83
kylecameron	14049265	2.7815151	90
kylecameron	14049265	2.7815151	90
shanepearson	14683561	1.8864636	89
shanepearson	14683561	1.8864636	89
dbfreeman	15797398	0.9593644	59
dbfreeman	15797398	0.9593644	59
alisohani	16155586	2.9395127	94
alisohani	16155586	2.9395127	94
betsymason	17382568	3.8266337	98
betsymason	17382568	3.8266337	98
jolby	18483181	0.76657265	84
jolby	18483181	0.76657265	84
tradertalk	19481251	1.2297032	50
tradertalk	19481251	1.2297032	50
ssaran	20457034	0.49932793	92
GeekCQ	20487472	1.7147315	70
kwcollins	22717141	0.65751004	80
kwcollins	22717141	0.65751004	80
cpiatko	27161716	0.9733207	90
alexko3	29892472	1.7746701	92
parry_joe	31120708	1.0545886	76
MBstream	44687734	0.3492494	58
couchmonaut	52147552	0.14262323	28
fusefinancial	62714440	0.6901108	32
cordic	66624583	0.9543555	86
eliterate_email	83929954	0.68163985	53
rjamestaylor	19543	3.370617	95
rjamestaylor	19543	3.370617	95
jpmarcum	31513	2.2223551	96
jpmarcum	31513	2.2223551	96
dorait	786022	2.899115	83
dorait	786022	2.899115	83
DaveFriesen	820678	1.5395917	78
DaveFriesen	820678	1.5395917	78
MikeCulver	5441212	1.8442441	83
MikeCulver	5441212	1.8442441	83
bmaland	6543022	1.0838529	63
DaniiK	9047602	0.39010417	57
DaniiK	9047602	0.39010417	57
rosehook	10269682	1.5960999	76
rosehook	10269682	1.5960999	76
ungerik	11871952	2.0692306	82
ungerik	11871952	2.0692306	82
gnestor	12935002	0.9516147	87
gnestor	12935002	0.9516147	87
chiefmartec	14121628	2.7084117	85
chiefmartec	14121628	2.7084117	85
actionitem	14183701	0.6164786	84
actionitem	14183701	0.6164786	84
wahalulu	14458327	1.1723806	82
wahalulu	14458327	1.1723806	82
dpwalsh	15525823	2.7683272	77
dpwalsh	15525823	2.7683272	77
infochimps	15748351	3.2089086	94
infochimps	15748351	3.2089086	94
blustr	17025379	1.5709176	83
blustr	17025379	1.5709176	83
ishaka	19065922	2.1850002	63
ishaka	19065922	2.1850002	63
MarketMinion	28422643	0.69434327	43
elversatile	33747184	0.30628347	73
solid4you	43307566	0.5304385	73
zs8x	56086909	0.22575735	39
IAmBrianCalvert	57396712	0.29228887	58
ethicsed	70812004	0.29802445	68
j_roc83	86408230	1.2612342	42
joshdilworth	1159301	3.1344297	95
joshdilworth	1159301	3.1344297	95
leejb	4941821	1.9278535	97
leejb	4941821	1.9278535	97
teeceeTO	9641642	1.894856	85
teeceeTO	9641642	1.894856	85
bruno_walther	10029242	3.1638718	88
bruno_walther	10029242	3.1638718	88
sressler	12127982	0.6854253	82
sressler	12127982	0.6854253	82
graemewood	14095679	2.2618732	90
graemewood	14095679	2.2618732	90
gbailey	14191781	1.6566172	87
gbailey	14191781	1.6566172	87
atnan	14541533	2.350961	95
atnan	14541533	2.350961	95
brad_jones	14613182	1.1481168	56
brad_jones	14613182	1.1481168	56
jefallbright	16252331	0.6921325	67
jefallbright	16252331	0.6921325	67
whatype	17950133	0.94438994	94
whatype	17950133	0.94438994	94
gluejar	31914221	2.2805278	95
CarsonBook	43910954	0.1386933	36
kromerma	52113254	0.27868912	78
redbaron1200s	54809468	1.1762902	93
jconcept	92990918	0.5892556	30
LiberTIC	93399665	1.2356329	69
leoniedu	35983	1.4334946	96
leoniedu	35983	1.4334946	96
nikolay	785875	2.7375565	94
nikolay	785875	2.7375565	94
floatingatoll	1059931	2.274514	98
floatingatoll	1059931	2.274514	98
thetarro	6206062	1.7274139	83
thetarro	6206062	1.7274139	83
jheitzeb	6629572	2.7862716	94
jheitzeb	6629572	2.7862716	94
awadallah	11263102	2.8056266	94
awadallah	11263102	2.8056266	94
andrewlockhart	14097997	2.0785062	92
andrewlockhart	14097997	2.0785062	92
newmans99	14807647	0.36643666	81
KarrieRoss	15268036	3.097535	69
KarrieRoss	15268036	3.097535	69
lant	15320590	1.9955609	75
dancemasterboss	16967719	0.9027178	86
dancemasterboss	16967719	0.9027178	86
mrblack	17229007	1.7396705	76
InvisiMarketing	17640376	1.1147729	63
InvisiMarketing	17640376	1.1147729	63
timmsc	17682100	1.5017068	87
timmsc	17682100	1.5017068	87
saman325	18168823	3.97956	68
saman325	18168823	3.97956	68
BerniceYoung	18321013	1.7908942	69
BerniceYoung	18321013	1.7908942	69
dhruvbansal	19038529	1.0928036	77
dhruvbansal	19038529	1.0928036	77
canayjun	19051297	1.5835077	53
canayjun	19051297	1.5835077	53
EJaax	20723050	0.47176495	95
EJaax	20723050	0.47176495	95
rinconeno	44043631	0.8572302	50
KeerthiKadam	48542014	0.8959714	36
grobertson	782134	3.5982795	97
grobertson	782134	3.5982795	97
kidehen	1294621	3.4259706	96
kidehen	1294621	3.4259706	96
timyoung	1724401	3.392755	93
timyoung	1724401	3.392755	93
ealdent	8454562	2.3119044	93
ealdent	8454562	2.3119044	93
ddav	9347752	1.2185332	85
ddav	9347752	1.2185332	85
tatsuya6502	13268782	1.5744056	79
tatsuya6502	13268782	1.5744056	79
dotguy	14067523	1.3702953	79
dotguy	14067523	1.3702953	79
Ultra_ATS	14618485	1.6670966	41
physicsdavid	16063891	2.6664925	95
physicsdavid	16063891	2.6664925	95
lisarwood	18038998	1.938823	54
i2pi	18246193	2.9807057	97
i2pi	18246193	2.9807057	97
marcthom	18293218	3.3958464	71
marcthom	18293218	3.3958464	71
jakehofman	18805477	2.680779	95
jakehofman	18805477	2.680779	95
SystemComic	20460757	1.3741574	77
kxlsyd	24107959	0.61657757	25
kxlsyd	24107959	0.61657757	25
jaywgraves	27668692	1.3833995	97
OpenAlex	29329900	1.5329038	62
UWdigiCollec	29505973	1.8914721	85
be11a_	37008883	0.901401	67
LeiCasans	42685570	0.8611671	48
liberalogica	45795718	0.15255179	47
johncaldermusic	72397675	0.21036498	74
syddatadesign	74667586	0.41098484	74
pfefferle	613043	2.3418794	89
pfefferle	613043	2.3418794	89
skinny	5749142	3.0521083	96
skinny	5749142	3.0521083	96
emjayess	6108812	1.7949207	86
emjayess	6108812	1.7949207	86
eventure360	9502592	1.5358616	67
eventure360	9502592	1.5358616	67
heraldxchaos	10752602	0.60690314	59
heraldxchaos	10752602	0.60690314	59
shedali	11236532	1.7005805	94
shedali	11236532	1.7005805	94
andymurd	12120602	2.5002556	86
andymurd	12120602	2.5002556	86
zrlram	13850552	2.2550163	90
zrlram	13850552	2.2550163	90
finegameofnil	14733653	1.33727	90
finegameofnil	14733653	1.33727	90
fantomaster	14931443	4.282357	90
fantomaster	14931443	4.282357	90
texasventures	18235676	1.7800171	59
texasventures	18235676	1.7800171	59
pxlpshr	19133768	1.0027511	99
nickfyson	19568564	0.6177765	84
80legs	27186158	2.3210413	95
auragutier	43374785	0.36138418	68
th73	53609363	1.0962247	73
MimasNews	54882857	1.198514	75
hortencia8192	77354480	0.14354569	3
FakeFlip	78751664	0.24596234	72
JuNinGaTeS	92865092	0.60233235	21
gniliep	12155	2.0171576	86
gniliep	12155	2.0171576	86
Percival	2156951	4.1484156	89
pfanderson	5618162	3.7596536	88
pfanderson	5618162	3.7596536	88
bachambers	6221222	1.3122483	88
bachambers	6221222	1.3122483	88
centr0id	8529152	1.2386547	75
centr0id	8529152	1.2386547	75
scoutlabs	12877112	2.8036933	84
scoutlabs	12877112	2.8036933	84
flowingdata	14109167	4.770691	96
flowingdata	14109167	4.770691	96
donfred	14250983	1.1611426	77
donfred	14250983	1.1611426	77
DataMiningBlog	14284157	1.9294753	76
DataMiningBlog	14284157	1.9294753	76
roprice	14388467	2.2939415	88
roprice	14388467	2.2939415	88
mathlete79	14521505	0.70034766	82
mathlete79	14521505	0.70034766	82
rmetzler	14542025	1.3295166	68
pdxreda	14715305	1.3363928	71
pdxreda	14715305	1.3363928	71
uglyone	14907794	1.4454492	48
uglyone	14907794	1.4454492	48
hackingdata	16061930	3.2702951	94
hackingdata	16061930	3.2702951	94
VISup	17212988	4.305629	91
VISup	17212988	4.305629	91
sam_caldicott	17322941	1.8577843	71
sam_caldicott	17322941	1.8577843	71
MSNTopStocks	18914780	1.1616855	51
MSNTopStocks	18914780	1.1616855	51
jbruwer	18969557	1.5666213	87
jbruwer	18969557	1.5666213	87
cpdavey	19188152	1.7064092	83
ChuckShriver	20287796	0.6135955	46
kfrancoi	21317900	0.5283164	62
kfrancoi	21317900	0.5283164	62
robshell	28139774	0.91088986	82
heroanh	77227319	0.2989727	53
miguel3000	5475502	0.99831057	75
miguel3000	5475502	0.99831057	75
dwf	6270652	2.5492303	96
dwf	6270652	2.5492303	96
deburris	7419772	1.5714782	84
deburris	7419772	1.5714782	84
hashtags	9720292	5.547701	57
hashtags	9720292	5.547701	57
andygeers	10492642	1.2635309	85
andygeers	10492642	1.2635309	85
scottblanc	11624662	1.8055544	94
scottblanc	11624662	1.8055544	94
vitorcoliveira	12841042	0.5419015	80
mandelbrot	14064661	2.0235908	84
mandelbrot	14064661	2.0235908	84
trickyd	14280862	0.73566747	78
trickyd	14280862	0.73566747	78
scttl	14429404	0.45864165	78
smarttypes	14816320	0.62517595	85
smarttypes	14816320	0.62517595	85
kimmieoftroy	14985895	1.9803174	93
kimmieoftroy	14985895	1.9803174	93
Where2GetIt	16205182	1.2170451	50
Jayfrompacamp	18665929	1.5247407	53
Jayfrompacamp	18665929	1.5247407	53
jimrhiz	19096564	2.058984	91
jimrhiz	19096564	2.058984	91
_mattdickman	19681954	0.28840765	32
_mattdickman	19681954	0.28840765	32
rachelbays	20553997	0.55642015	82
deepakp7	26494138	1.1609658	80
watchuwant_tv	30735565	0.45950264	73
bitparser	31002040	0.3322093	77
EpicStocks	32738374	1.1777871	43
ceojon	39897859	0.19997817	29
Ankura_sama	54043150	0.28117418	24
